ID,LOC,LOCNAMM,WMC,WMCNAMM,NOM,NOMNAMM,NOA,AMW,AMWNAMM,NOAM,WOC,IS_GOD_CLASS
C-000002,53,53,9,9,7,7,0,1.2857142857142858,1.2857142857142858,0,1.0,0
C-000008,41,41,8,8,7,7,0,1.1428571428571428,1.1428571428571428,0,1.0,0
C-000009,88,88,24,24,9,9,0,2.6666666666666665,2.6666666666666665,0,1.0,0
C-000011,175,175,12,12,7,7,0,1.7142857142857142,1.7142857142857142,0,1.0,0
C-000012,19,13,3,1,3,1,2,1.0,1.0,2,0.2,0
C-000013,18,18,1,1,1,1,7,1.0,1.0,0,0.125,0
C-000015,46,46,5,5,5,5,1,1.0,1.0,0,0.8333333333333334,0
C-000019,63,63,18,18,5,5,4,3.6,3.6,0,0.5555555555555556,0
C-000021,38,38,5,5,3,3,2,1.6666666666666667,1.6666666666666667,0,0.6,0
C-000022,602,602,128,128,35,35,3,3.657142857142857,3.657142857142857,0,0.9210526315789472,1
C-000023,106,106,21,21,7,7,1,3.0,3.0,0,0.875,0
C-000026,298,298,54,54,29,29,3,1.862068965517241,1.862068965517241,0,0.90625,1
C-000028,52,52,5,5,3,3,1,1.6666666666666667,1.6666666666666667,0,0.75,0
C-000029,26,26,3,3,3,3,0,1.0,1.0,0,1.0,0
C-000030,162,162,26,26,15,15,1,1.7333333333333334,1.7333333333333334,0,0.9375,0
C-000034,67,67,18,18,4,4,0,4.5,4.5,0,1.0,0
C-000035,1248,1248,125,125,33,33,1,3.787878787878788,3.787878787878788,0,0.9705882352941176,1
C-000036,185,185,34,34,17,17,2,2.0,2.0,0,0.8947368421052632,0
C-000037,333,333,68,68,15,15,0,4.533333333333333,4.533333333333333,0,1.0,1
C-000038,1458,1458,294,294,88,88,0,3.340909090909091,3.340909090909091,0,1.0,1
C-000039,544,544,101,101,35,35,1,2.8857142857142857,2.8857142857142857,0,0.9722222222222222,1
C-000041,67,67,11,11,7,7,1,1.5714285714285714,1.5714285714285714,0,0.875,0
C-000043,77,77,15,15,7,7,2,2.142857142857143,2.142857142857143,0,0.7777777777777778,0
C-000044,10,10,1,1,1,1,0,1.0,1.0,0,1.0,0
C-000046,32,32,3,3,2,2,0,1.5,1.5,0,1.0,0
C-000047,10,10,1,1,1,1,0,1.0,1.0,0,1.0,0
C-000048,377,377,75,75,17,17,0,4.411764705882353,4.411764705882353,0,1.0,1
C-000049,261,261,55,55,21,21,1,2.619047619047619,2.619047619047619,0,0.9545454545454546,1
C-000050,29,29,4,4,4,4,0,1.0,1.0,0,1.0,0
C-000051,282,282,56,56,25,25,2,2.24,2.24,0,0.925925925925926,1
C-000052,146,146,21,21,11,11,2,1.9090909090909087,1.9090909090909087,0,0.8461538461538461,0
C-000053,275,275,59,59,14,14,3,4.214285714285714,4.214285714285714,0,0.8235294117647058,1
C-000055,134,134,34,34,7,7,2,4.857142857142857,4.857142857142857,0,0.7777777777777778,0
C-000057,162,162,23,23,19,19,0,1.2105263157894737,1.2105263157894737,0,1.0,0
C-000058,55,55,11,11,5,5,1,2.2,2.2,0,0.8333333333333334,0
C-000060,79,79,21,21,10,10,0,2.1,2.1,0,1.0,0
C-000061,569,569,123,123,41,41,1,3.0,3.0,0,0.9761904761904762,1
C-000062,662,662,145,145,38,38,2,3.8157894736842106,3.8157894736842106,0,0.95,1
C-000063,54,54,14,14,3,3,0,4.666666666666667,4.666666666666667,0,1.0,0
C-000065,312,312,55,55,20,20,3,2.75,2.75,0,0.8695652173913043,1
C-000066,254,254,53,53,11,11,7,4.818181818181818,4.818181818181818,0,0.6111111111111112,1
C-000067,50,50,7,7,2,2,2,3.5,3.5,0,0.5,0
C-000068,30,30,8,8,4,4,1,2.0,2.0,0,0.8,0
C-000069,1175,1175,222,222,40,40,0,5.55,5.55,0,1.0,1
C-000071,217,217,70,70,10,10,0,7.0,7.0,0,1.0,1
C-000074,25,25,7,7,3,3,0,2.333333333333333,2.333333333333333,0,1.0,0
C-000075,230,230,69,69,16,16,0,4.3125,4.3125,0,1.0,1
C-000078,139,139,40,40,6,6,0,6.666666666666667,6.666666666666667,0,1.0,0
C-000079,2128,2128,402,402,121,121,8,3.322314049586777,3.322314049586777,0,0.937984496124031,1
C-000080,238,238,85,85,17,17,1,5.0,5.0,0,0.9444444444444444,1
C-000082,288,288,50,50,19,19,1,2.631578947368421,2.631578947368421,0,0.95,1
C-000083,723,723,146,146,38,38,1,3.842105263157895,3.842105263157895,0,0.9743589743589745,1
C-000084,148,148,23,23,9,9,0,2.555555555555556,2.555555555555556,0,1.0,0
C-000086,63,63,13,13,6,6,2,2.1666666666666665,2.1666666666666665,0,0.75,0
C-000087,166,166,28,28,16,16,4,1.75,1.75,0,0.8,0
C-000088,916,916,210,210,42,42,5,5.0,5.0,0,0.8936170212765957,1
C-000090,50,50,11,11,3,3,0,3.6666666666666665,3.6666666666666665,0,1.0,0
C-000092,117,117,28,28,6,6,1,4.666666666666667,4.666666666666667,0,0.8571428571428571,0
C-000093,131,131,33,33,11,11,3,3.0,3.0,0,0.7857142857142857,0
C-000097,208,208,48,48,12,12,4,4.0,4.0,0,0.75,1
C-000100,12,12,2,2,2,2,0,1.0,1.0,0,1.0,0
C-000101,829,829,153,153,52,52,4,2.9423076923076925,2.9423076923076925,0,0.9285714285714286,1
C-000106,23,23,5,5,3,3,0,1.6666666666666667,1.6666666666666667,0,1.0,0
C-000107,951,951,225,225,53,53,8,4.245283018867925,4.245283018867925,0,0.8688524590163934,1
C-000108,771,771,186,186,48,48,3,3.875,3.875,0,0.9411764705882352,1
C-000110,96,96,25,25,12,12,0,2.083333333333333,2.083333333333333,0,1.0,0
C-000111,480,480,117,117,24,24,0,4.875,4.875,0,1.0,1
C-000112,996,996,238,238,45,45,4,5.288888888888889,5.288888888888889,0,0.9183673469387756,1
C-000114,394,394,79,79,23,23,0,3.4347826086956523,3.4347826086956523,0,1.0,1
C-000117,801,801,190,190,42,42,0,4.523809523809524,4.523809523809524,0,1.0,1
C-000118,341,341,71,71,28,28,1,2.5357142857142856,2.5357142857142856,0,0.9655172413793104,1
C-000119,153,153,31,31,10,10,0,3.1,3.1,0,1.0,0
C-000120,572,572,78,78,32,32,2,2.4375,2.4375,0,0.9411764705882352,1
C-000122,288,288,48,48,19,19,6,2.526315789473684,2.526315789473684,0,0.76,1
C-000123,86,86,13,13,5,5,2,2.6,2.6,0,0.7142857142857143,0
C-000125,101,101,22,22,7,7,4,3.142857142857143,3.142857142857143,0,0.6363636363636364,0
C-000126,229,229,31,31,17,17,6,1.8235294117647056,1.8235294117647056,0,0.7391304347826086,0
C-000131,25,25,5,5,3,3,3,1.6666666666666667,1.6666666666666667,0,0.5,0
C-000132,142,142,8,8,8,8,1,1.0,1.0,0,0.8888888888888888,0
C-000133,100,100,17,17,10,10,1,1.7,1.7,0,0.9090909090909092,0
C-000134,165,165,8,8,8,8,1,1.0,1.0,0,0.8888888888888888,0
C-000135,1702,1702,212,212,98,98,35,2.163265306122449,2.163265306122449,0,0.7368421052631579,1
C-000136,23,23,5,5,3,3,5,1.6666666666666667,1.6666666666666667,0,0.375,0
C-000138,1042,1042,178,178,50,50,0,3.56,3.56,0,1.0,1
C-000139,42,42,3,3,3,3,2,1.0,1.0,0,0.6,0
C-000140,42,42,10,10,6,6,1,1.6666666666666667,1.6666666666666667,0,0.8571428571428571,0
C-000141,49,49,7,7,6,6,1,1.1666666666666667,1.1666666666666667,0,0.8571428571428571,0
C-000142,9,9,2,2,2,2,1,1.0,1.0,0,0.6666666666666666,0
C-000144,113,113,20,20,11,11,4,1.818181818181818,1.818181818181818,0,0.7333333333333333,0
C-000146,37,37,8,8,6,6,6,1.3333333333333333,1.3333333333333333,0,0.5,0
C-000150,20,20,5,5,2,2,2,2.5,2.5,0,0.5,0
C-000151,115,115,11,11,10,10,2,1.1,1.1,0,0.8333333333333334,0
C-000152,78,78,4,4,4,4,3,1.0,1.0,0,0.5714285714285714,0
C-000154,115,115,15,15,9,9,3,1.6666666666666667,1.6666666666666667,0,0.75,0
C-000156,23,23,2,2,2,2,2,1.0,1.0,0,0.5,0
C-000157,19,19,2,2,2,2,1,1.0,1.0,0,0.6666666666666666,0
C-000158,38,38,3,3,3,3,1,1.0,1.0,0,0.75,0
C-000161,113,113,26,26,10,10,0,2.6,2.6,0,1.0,0
C-000165,107,107,22,22,11,11,2,2.0,2.0,0,0.8461538461538461,0
C-000167,108,108,17,17,7,7,1,2.4285714285714284,2.4285714285714284,0,0.875,0
C-000171,223,223,23,23,9,9,13,2.555555555555556,2.555555555555556,0,0.4090909090909091,0
C-000172,153,153,23,23,9,9,4,2.555555555555556,2.555555555555556,0,0.6923076923076923,0
C-000173,139,136,28,27,14,13,4,2.0,2.076923076923077,1,0.7222222222222222,0
C-000175,144,144,13,13,5,5,1,2.6,2.6,0,0.8333333333333334,0
C-000178,54,54,8,8,5,5,3,1.6,1.6,0,0.625,0
C-000179,38,38,12,12,2,2,2,6.0,6.0,0,0.5,0
C-000180,137,137,12,12,6,6,1,2.0,2.0,0,0.8571428571428571,0
C-000181,350,350,50,50,9,9,1,5.555555555555555,5.555555555555555,0,0.9,1
C-000182,165,165,26,26,6,6,3,4.333333333333333,4.333333333333333,0,0.6666666666666666,0
C-000183,106,106,27,27,4,4,3,6.75,6.75,0,0.5714285714285714,0
C-000184,124,124,13,13,5,5,1,2.6,2.6,0,0.8333333333333334,0
C-000186,73,73,21,21,4,4,2,5.25,5.25,0,0.6666666666666666,0
C-000187,359,338,70,67,57,54,3,1.2280701754385963,1.2407407407407407,3,0.9,1
C-000188,18,9,4,1,4,1,2,1.0,1.0,3,0.1666666666666666,0
C-000189,844,844,179,179,57,57,12,3.1403508771929824,3.1403508771929824,0,0.8260869565217391,1
C-000190,145,145,29,29,8,8,3,3.625,3.625,0,0.7272727272727273,0
C-000191,633,630,121,120,38,37,14,3.1842105263157894,3.2432432432432434,1,0.7115384615384616,1
C-000192,301,301,51,51,9,9,7,5.666666666666667,5.666666666666667,0,0.5625,1
C-000193,142,142,28,28,8,8,2,3.5,3.5,0,0.8,0
C-000196,18,18,6,6,6,6,0,1.0,1.0,0,1.0,0
C-000197,18,18,6,6,6,6,0,1.0,1.0,0,1.0,0
C-000198,95,95,18,18,4,4,4,4.5,4.5,0,0.5,0
C-000199,458,458,64,64,35,35,0,1.8285714285714283,1.8285714285714283,0,1.0,0
C-000200,22,22,1,1,1,1,0,1.0,1.0,0,1.0,0
C-000203,166,166,31,31,9,9,3,3.4444444444444446,3.4444444444444446,0,0.75,0
C-000207,224,224,21,21,9,9,5,2.333333333333333,2.333333333333333,0,0.6428571428571429,0
C-000208,101,101,12,12,4,4,3,3.0,3.0,0,0.5714285714285714,0
C-000209,174,174,37,37,5,5,3,7.4,7.4,0,0.625,0
C-000210,93,93,23,23,7,7,12,3.2857142857142856,3.2857142857142856,0,0.3684210526315789,0
C-000211,127,127,19,19,5,5,2,3.8,3.8,0,0.7142857142857143,0
C-000212,200,200,25,25,12,12,4,2.083333333333333,2.083333333333333,0,0.75,0
C-000213,224,200,31,23,20,12,3,1.55,1.9166666666666667,8,0.5217391304347826,1
C-000214,1165,1135,181,171,64,58,35,2.828125,2.9482758620689653,6,0.5858585858585859,1
C-000215,842,842,151,151,55,55,20,2.7454545454545456,2.7454545454545456,0,0.7333333333333333,1
C-000217,96,96,21,21,7,7,1,3.0,3.0,0,0.875,0
C-000218,173,173,22,22,19,19,5,1.1578947368421053,1.1578947368421053,0,0.7916666666666666,0
C-000219,1537,1537,268,268,68,68,42,3.941176470588236,3.941176470588236,0,0.6181818181818182,1
C-000220,75,75,13,13,5,5,4,2.6,2.6,0,0.5555555555555556,0
C-000221,86,86,14,14,7,7,9,2.0,2.0,0,0.4375,0
C-000222,203,191,32,28,11,8,15,2.909090909090909,3.5,3,0.3076923076923077,0
C-000223,75,75,11,11,8,8,0,1.375,1.375,0,1.0,0
C-000224,11,11,5,5,2,2,0,2.5,2.5,0,1.0,0
C-000225,130,130,19,19,7,7,0,2.7142857142857144,2.7142857142857144,0,1.0,0
C-000226,24,24,4,4,3,3,3,1.3333333333333333,1.3333333333333333,0,0.5,0
C-000227,513,513,50,50,15,15,22,3.333333333333333,3.333333333333333,0,0.4054054054054054,1
C-000228,100,100,12,12,5,5,13,2.4,2.4,0,0.2777777777777778,0
C-000229,761,761,101,101,26,26,28,3.8846153846153846,3.8846153846153846,0,0.4814814814814814,1
C-000230,125,125,30,30,11,11,5,2.727272727272727,2.727272727272727,0,0.6875,0
C-000231,46,46,10,10,4,4,2,2.5,2.5,0,0.6666666666666666,0
C-000233,153,153,31,31,9,9,6,3.4444444444444446,3.4444444444444446,0,0.6,0
C-000235,477,477,86,86,22,22,8,3.909090909090909,3.909090909090909,0,0.7333333333333333,0
C-000236,142,142,22,22,7,7,5,3.142857142857143,3.142857142857143,0,0.5833333333333334,0
C-000241,72,63,15,13,7,5,7,2.142857142857143,2.6,2,0.3571428571428571,0
C-000244,96,93,25,24,8,7,3,3.125,3.4285714285714284,1,0.6363636363636364,0
C-000245,55,55,9,9,5,5,11,1.8,1.8,0,0.3125,0
C-000246,137,137,14,14,6,6,1,2.333333333333333,2.333333333333333,0,0.8571428571428571,0
C-000248,237,237,44,44,10,10,8,4.4,4.4,0,0.5555555555555556,1
C-000251,524,515,128,121,22,19,7,5.818181818181818,6.368421052631579,3,0.6551724137931034,1
C-000253,328,313,83,77,21,16,10,3.952380952380953,4.8125,5,0.5161290322580645,1
C-000255,302,302,52,52,10,10,4,5.2,5.2,0,0.7142857142857143,1
C-000257,419,398,56,48,20,13,12,2.8,3.692307692307693,7,0.40625,1
C-000259,114,111,11,9,6,5,9,1.8333333333333333,1.8,1,0.3333333333333333,0
C-000260,258,236,42,36,14,12,6,3.0,3.0,2,0.6,1
C-000262,68,65,17,16,4,3,0,4.25,5.333333333333333,1,0.75,0
C-000263,1337,1093,281,209,66,36,25,4.257575757575758,5.805555555555555,30,0.3736263736263736,1
C-000266,632,626,93,91,17,15,34,5.470588235294118,6.066666666666666,2,0.2941176470588235,1
C-000268,12,12,1,1,1,1,0,1.0,1.0,0,1.0,0
C-000269,51,51,5,5,4,4,4,1.25,1.25,0,0.5,0
C-000270,9,9,1,1,1,1,0,1.0,1.0,0,1.0,0
C-000271,299,296,20,19,14,13,10,1.4285714285714286,1.4615384615384617,1,0.5416666666666666,1
C-000273,248,248,18,18,9,9,6,2.0,2.0,0,0.6,0
C-000275,10,10,2,2,2,2,0,1.0,1.0,0,1.0,0
C-000276,22,22,4,4,4,4,0,1.0,1.0,0,1.0,0
C-000279,31,31,5,5,5,5,2,1.0,1.0,0,0.7142857142857143,0
C-000280,23,23,4,4,4,4,1,1.0,1.0,0,0.8,0
C-000282,125,125,15,15,7,7,6,2.142857142857143,2.142857142857143,0,0.5384615384615384,0
C-000283,13,13,1,1,1,1,1,1.0,1.0,0,0.5,0
C-000284,43,43,7,7,4,4,6,1.75,1.75,0,0.4,0
C-000285,293,293,22,22,11,11,0,2.0,2.0,0,1.0,1
C-000286,285,285,11,11,5,5,10,2.2,2.2,0,0.3333333333333333,0
C-000288,294,294,5,5,3,3,2,1.6666666666666667,1.6666666666666667,0,0.6,1
C-000291,44,44,5,5,2,2,1,2.5,2.5,0,0.6666666666666666,0
C-000296,641,504,85,41,30,4,43,2.833333333333333,10.25,26,0.0547945205479452,1
C-000300,209,200,29,25,9,7,6,3.2222222222222223,3.571428571428572,2,0.4666666666666667,0
C-000302,616,616,62,62,6,6,2,10.333333333333334,10.333333333333334,0,0.75,1
C-000303,22,22,2,2,2,2,0,1.0,1.0,0,1.0,0
C-000304,636,630,103,100,16,14,1,6.4375,7.142857142857143,2,0.8235294117647058,1
C-000308,620,617,28,27,14,13,12,2.0,2.076923076923077,1,0.5,1
C-000310,231,231,19,19,11,11,15,1.7272727272727273,1.7272727272727273,0,0.4230769230769231,0
C-000323,80,80,7,7,3,3,1,2.333333333333333,2.333333333333333,0,0.75,0
C-000337,1075,1060,173,166,38,36,23,4.552631578947368,4.611111111111111,2,0.5901639344262295,1
C-000341,70,70,8,8,3,3,0,2.6666666666666665,2.6666666666666665,0,1.0,0
C-000342,538,487,55,36,22,5,8,2.5,7.2,17,0.1666666666666666,1
C-000351,64,64,3,3,1,1,6,3.0,3.0,0,0.1428571428571428,0
C-000355,565,537,110,99,20,11,21,5.5,9.0,9,0.2682926829268293,1
C-000356,181,166,23,18,13,8,4,1.7692307692307692,2.25,5,0.4705882352941176,0
C-000361,1236,954,124,18,67,6,47,1.8507462686567164,3.0,61,0.0526315789473684,1
C-000363,94,94,8,8,4,4,1,2.0,2.0,0,0.8,0
C-000364,246,246,43,43,4,4,12,10.75,10.75,0,0.25,1
C-000366,103,103,3,3,3,3,2,1.0,1.0,0,0.6,0
C-000367,174,174,3,3,3,3,5,1.0,1.0,0,0.375,0
C-000373,469,427,34,23,18,10,11,1.8888888888888888,2.3,8,0.3103448275862069,1
C-000374,159,123,23,13,8,5,4,2.875,2.6,3,0.4166666666666667,0
C-000375,785,776,122,119,25,22,18,4.88,5.409090909090909,3,0.5116279069767442,1
C-000384,215,177,17,4,11,2,13,1.5454545454545454,2.0,9,0.0833333333333333,0
C-000385,20,14,3,1,3,1,0,1.0,1.0,2,0.3333333333333333,0
C-000388,31,28,3,2,3,2,0,1.0,1.0,1,0.6666666666666666,0
C-000393,116,116,9,9,2,2,7,4.5,4.5,0,0.2222222222222222,0
C-000394,266,193,30,10,15,4,17,2.0,2.5,11,0.125,0
C-000396,226,152,32,6,14,2,7,2.2857142857142856,3.0,12,0.0952380952380952,0
C-000401,19,16,3,2,3,2,0,1.0,1.0,1,0.6666666666666666,0
C-000403,770,555,117,37,43,3,27,2.7209302325581395,12.333333333333334,40,0.0428571428571428,1
C-000406,424,346,71,50,27,10,12,2.6296296296296298,5.0,17,0.2564102564102564,0
C-000407,19,19,5,5,2,2,3,2.5,2.5,0,0.4,0
C-000408,8,8,1,1,1,1,1,1.0,1.0,0,0.5,0
C-000414,1773,1423,281,178,115,49,50,2.4434782608695653,3.63265306122449,66,0.296969696969697,1
C-000421,624,624,36,36,15,15,0,2.4,2.4,0,1.0,1
C-000432,492,492,41,41,11,11,2,3.727272727272727,3.727272727272727,0,0.8461538461538461,1
C-000435,450,450,44,44,11,11,2,4.0,4.0,0,0.8461538461538461,1
C-000439,1297,1297,263,263,53,53,25,4.962264150943396,4.962264150943396,0,0.6794871794871795,1
C-000441,12,12,1,1,1,1,0,1.0,1.0,0,1.0,0
C-000449,743,743,152,152,38,38,22,4.0,4.0,0,0.6333333333333333,1
C-000458,752,752,154,154,36,36,21,4.277777777777778,4.277777777777778,0,0.631578947368421,1
C-000460,160,160,22,22,4,4,0,5.5,5.5,0,1.0,0
C-000461,128,128,18,18,3,3,0,6.0,6.0,0,1.0,0
C-000462,147,147,18,18,3,3,0,6.0,6.0,0,1.0,0
C-000485,122,122,14,14,2,2,0,7.0,7.0,0,1.0,0
C-000487,230,230,31,31,3,3,0,10.333333333333334,10.333333333333334,0,1.0,0
C-000489,114,114,14,14,2,2,0,7.0,7.0,0,1.0,0
C-000492,123,123,14,14,2,2,0,7.0,7.0,0,1.0,0
C-000495,99,99,10,10,2,2,0,5.0,5.0,0,1.0,0
C-000505,237,237,31,31,3,3,0,10.333333333333334,10.333333333333334,0,1.0,1
C-000516,1145,1145,281,281,40,40,32,7.025,7.025,0,0.5555555555555556,1
C-000517,278,164,98,60,22,3,1,4.454545454545454,20.0,19,0.1304347826086956,0
C-000523,17,17,2,2,1,1,0,2.0,2.0,0,1.0,0
C-000531,227,141,32,13,12,6,8,2.6666666666666665,2.1666666666666665,6,0.3,1
C-000540,82,82,20,20,9,9,9,2.2222222222222223,2.2222222222222223,0,0.5,0
C-000541,42,42,10,10,3,3,2,3.333333333333333,3.333333333333333,0,0.6,0
C-000542,50,47,8,7,5,4,5,1.6,1.75,1,0.4,0
C-000544,20,20,2,2,2,2,0,1.0,1.0,0,1.0,0
C-000545,69,69,13,13,8,8,5,1.625,1.625,0,0.6153846153846154,0
C-000548,324,324,67,67,13,13,6,5.153846153846154,5.153846153846154,0,0.6842105263157895,1
C-000549,149,68,13,3,8,3,3,1.625,1.0,5,0.2727272727272727,0
C-000550,114,114,25,25,6,6,13,4.166666666666667,4.166666666666667,0,0.3157894736842105,0
C-000552,261,246,23,16,23,16,0,1.0,1.0,7,0.6956521739130435,0
C-000556,60,58,7,6,7,6,0,1.0,1.0,1,0.8571428571428571,0
C-000558,147,147,31,31,7,7,2,4.428571428571429,4.428571428571429,0,0.7777777777777778,0
C-000568,514,511,63,62,17,16,10,3.7058823529411766,3.875,1,0.5185185185185185,0
C-000570,574,574,28,28,14,14,0,2.0,2.0,0,1.0,1
C-000576,196,196,11,11,3,3,16,3.6666666666666665,3.6666666666666665,0,0.1578947368421052,0
C-000586,210,210,29,29,6,6,8,4.833333333333333,4.833333333333333,0,0.4285714285714285,0
C-000592,729,729,49,49,22,22,6,2.227272727272727,2.227272727272727,0,0.7857142857142857,1
C-000595,606,606,41,41,28,28,6,1.4642857142857142,1.4642857142857142,0,0.8235294117647058,0
C-000622,94,87,17,14,7,5,6,2.4285714285714284,2.8,2,0.3846153846153846,0
C-000636,50,32,10,4,7,1,6,1.4285714285714286,4.0,6,0.0769230769230769,0
C-000638,121,115,14,12,3,1,2,4.666666666666667,12.0,2,0.2,0
C-000650,49,49,7,7,4,4,1,1.75,1.75,0,0.8,0
C-000653,760,625,110,73,57,32,15,1.9298245614035088,2.28125,25,0.4444444444444444,1
C-000668,991,768,121,46,86,23,11,1.4069767441860466,2.0,63,0.2371134020618556,1
C-000671,355,355,50,50,17,17,6,2.9411764705882355,2.9411764705882355,0,0.7391304347826086,1
C-000676,12,12,5,5,1,1,0,5.0,5.0,0,1.0,0
C-000683,265,265,44,44,16,16,6,2.75,2.75,0,0.7272727272727273,1
C-000716,245,245,8,8,4,4,24,2.0,2.0,0,0.1428571428571428,0
C-000720,964,749,144,73,49,21,15,2.938775510204082,3.4761904761904763,28,0.328125,1
C-000734,16,16,1,1,1,1,9,1.0,1.0,0,0.1,0
C-000736,648,642,141,139,58,56,10,2.431034482758621,2.482142857142857,2,0.8235294117647058,1
C-000741,28,28,3,3,3,3,4,1.0,1.0,0,0.4285714285714285,0
C-000742,588,480,84,55,33,17,9,2.5454545454545454,3.235294117647059,16,0.4047619047619047,0
C-000744,678,523,106,53,40,20,20,2.65,2.65,20,0.3333333333333333,1
C-000745,160,146,21,17,9,6,5,2.333333333333333,2.833333333333333,3,0.4285714285714285,0
C-000746,943,683,180,90,57,21,28,3.1578947368421053,4.285714285714286,36,0.2470588235294117,1
C-000750,158,158,14,14,7,7,3,2.0,2.0,0,0.7,0
C-000763,36,36,4,4,2,2,3,2.0,2.0,0,0.4,0
C-000773,30,30,3,3,3,3,3,1.0,1.0,0,0.5,0
C-000783,110,110,9,9,6,6,4,1.5,1.5,0,0.6,0
C-000793,415,346,62,47,18,14,6,3.4444444444444446,3.357142857142857,4,0.5833333333333334,1
C-000804,1082,1082,156,156,29,29,14,5.379310344827586,5.379310344827586,0,0.6744186046511628,1
C-000844,236,236,40,40,17,17,11,2.3529411764705883,2.3529411764705883,0,0.6071428571428571,0
C-000847,18,18,1,1,1,1,5,1.0,1.0,0,0.1666666666666666,0
C-000851,49,49,5,5,4,4,1,1.25,1.25,0,0.8,0
C-000859,11,11,2,2,2,2,1,1.0,1.0,0,0.6666666666666666,0
C-000862,159,153,33,31,33,31,3,1.0,1.0,2,0.8611111111111112,0
C-000887,17,17,2,2,2,2,1,1.0,1.0,0,0.6666666666666666,0
C-000906,113,113,3,3,3,3,1,1.0,1.0,0,0.75,0
C-000911,86,86,8,8,3,3,1,2.6666666666666665,2.6666666666666665,0,0.75,0
C-000913,817,811,91,89,43,41,12,2.116279069767442,2.1707317073170733,2,0.7454545454545455,1
C-000918,277,277,28,28,6,6,4,4.666666666666667,4.666666666666667,0,0.6,1
C-000923,392,392,54,54,13,13,6,4.153846153846154,4.153846153846154,0,0.6842105263157895,1
C-000927,18,18,3,3,3,3,0,1.0,1.0,0,1.0,0
C-000964,29,29,5,5,1,1,1,5.0,5.0,0,0.5,0
C-000965,17,17,3,3,3,3,1,1.0,1.0,0,0.75,0
C-000972,246,234,28,24,16,14,12,1.75,1.7142857142857142,2,0.5,0
C-000978,363,363,56,56,13,13,12,4.307692307692308,4.307692307692308,0,0.52,1
C-000980,408,408,74,74,23,23,22,3.217391304347826,3.217391304347826,0,0.5111111111111111,1
C-000988,568,473,69,37,40,17,19,1.725,2.176470588235294,23,0.288135593220339,0
C-000992,352,337,80,76,17,13,7,4.705882352941177,5.846153846153846,4,0.5416666666666666,1
C-000994,15,9,3,1,3,1,2,1.0,1.0,2,0.2,0
C-000997,802,591,116,58,46,20,34,2.5217391304347827,2.9,26,0.25,1
C-000999,8,8,1,1,1,1,4,1.0,1.0,0,0.2,0
C-001010,1067,1067,149,149,20,20,48,7.45,7.45,0,0.2941176470588235,1
C-001012,1249,1249,190,190,38,38,58,5.0,5.0,0,0.3958333333333333,1
C-001019,770,571,89,28,45,10,45,1.9777777777777776,2.8,35,0.1111111111111111,1
C-001030,490,490,89,89,7,7,2,12.714285714285714,12.714285714285714,0,0.7777777777777778,1
C-001033,83,83,6,6,5,5,3,1.2,1.2,0,0.625,0
C-001036,173,167,22,20,11,9,5,2.0,2.2222222222222223,2,0.5625,0
C-001039,16,16,1,1,1,1,3,1.0,1.0,0,0.25,0
C-001044,34,34,1,1,1,1,4,1.0,1.0,0,0.2,0
C-001048,34,34,1,1,1,1,2,1.0,1.0,0,0.3333333333333333,0
C-001059,241,241,33,33,11,11,6,3.0,3.0,0,0.6470588235294118,1
C-001060,611,611,79,79,21,21,11,3.761904761904762,3.761904761904762,0,0.65625,1
C-001062,405,405,65,65,11,11,11,5.909090909090909,5.909090909090909,0,0.5,1
C-001066,95,95,10,10,5,5,4,2.0,2.0,0,0.5555555555555556,0
C-001068,47,47,3,3,3,3,2,1.0,1.0,0,0.6,0
C-001069,30,30,1,1,1,1,3,1.0,1.0,0,0.25,0
C-001078,14,14,1,1,1,1,1,1.0,1.0,0,0.5,0
C-001079,21,21,1,1,1,1,2,1.0,1.0,0,0.3333333333333333,0
C-001082,20,20,1,1,1,1,2,1.0,1.0,0,0.3333333333333333,0
C-001083,25,25,1,1,1,1,2,1.0,1.0,0,0.3333333333333333,0
C-001087,9,9,1,1,1,1,0,1.0,1.0,0,1.0,0
C-001089,20,20,1,1,1,1,2,1.0,1.0,0,0.3333333333333333,0
C-001094,15,15,1,1,1,1,1,1.0,1.0,0,0.5,0
C-001096,10,10,1,1,1,1,0,1.0,1.0,0,1.0,0
C-001098,13,13,1,1,1,1,1,1.0,1.0,0,0.5,0
C-001100,11,11,1,1,1,1,0,1.0,1.0,0,1.0,0
C-001101,217,217,27,27,8,8,5,3.375,3.375,0,0.6153846153846154,0
C-001102,601,601,78,78,27,27,1,2.888888888888889,2.888888888888889,0,0.9642857142857144,1
C-001103,974,974,125,125,42,42,6,2.9761904761904763,2.9761904761904763,0,0.875,1
C-001104,31,31,4,4,2,2,1,2.0,2.0,0,0.6666666666666666,0
C-001106,118,118,16,16,5,5,2,3.2,3.2,0,0.7142857142857143,0
C-001111,263,263,37,37,7,7,7,5.285714285714286,5.285714285714286,0,0.5,1
C-001117,410,410,60,60,15,15,5,4.0,4.0,0,0.75,1
C-001120,181,181,27,27,9,9,9,3.0,3.0,0,0.5,0
C-001125,131,131,17,17,5,5,3,3.4,3.4,0,0.625,0
C-001126,34,34,5,5,2,2,1,2.5,2.5,0,0.6666666666666666,0
C-001128,269,269,35,35,20,20,1,1.75,1.75,0,0.9523809523809524,0
C-001129,22,22,1,1,1,1,2,1.0,1.0,0,0.3333333333333333,0
C-001130,296,296,36,36,19,19,3,1.894736842105263,1.894736842105263,0,0.8636363636363636,1
C-001131,226,226,31,31,16,16,0,1.9375,1.9375,0,1.0,0
C-001141,277,277,31,31,17,17,3,1.8235294117647056,1.8235294117647056,0,0.85,1
C-001143,75,75,9,9,5,5,3,1.8,1.8,0,0.625,0
C-001145,221,221,30,30,9,9,8,3.333333333333333,3.333333333333333,0,0.5294117647058824,0
C-001148,229,229,36,36,9,9,6,4.0,4.0,0,0.6,0
C-001155,16,16,1,1,1,1,1,1.0,1.0,0,0.5,0
C-001156,1255,1255,204,204,29,29,28,7.0344827586206895,7.0344827586206895,0,0.5087719298245614,1
C-001157,15,15,1,1,1,1,1,1.0,1.0,0,0.5,0
C-001162,313,313,52,52,11,11,7,4.727272727272728,4.727272727272728,0,0.6111111111111112,1
C-001163,26,26,1,1,1,1,2,1.0,1.0,0,0.3333333333333333,0
C-001164,1358,1358,183,183,34,34,22,5.382352941176471,5.382352941176471,0,0.6071428571428571,1
C-001169,33,33,1,1,1,1,3,1.0,1.0,0,0.25,0
C-001172,42,42,1,1,1,1,4,1.0,1.0,0,0.2,0
C-001174,114,114,11,11,6,6,6,1.8333333333333333,1.8333333333333333,0,0.5,0
C-001176,9,9,2,2,1,1,0,2.0,2.0,0,1.0,0
C-001179,1073,1073,108,108,17,17,35,6.352941176470588,6.352941176470588,0,0.3269230769230769,1
C-001180,16,16,1,1,1,1,1,1.0,1.0,0,0.5,0
C-001182,173,173,17,17,11,11,2,1.5454545454545454,1.5454545454545454,0,0.8461538461538461,0
C-001187,30,30,5,5,3,3,1,1.6666666666666667,1.6666666666666667,0,0.75,0
C-001189,56,56,4,4,3,3,3,1.3333333333333333,1.3333333333333333,0,0.5,0
C-001191,1526,1526,192,192,64,64,29,3.0,3.0,0,0.6881720430107527,1
C-001195,19,19,1,1,1,1,2,1.0,1.0,0,0.3333333333333333,0
C-001201,17,17,1,1,1,1,0,1.0,1.0,0,1.0,0
C-001203,218,218,24,24,16,16,10,1.5,1.5,0,0.6153846153846154,0
C-001207,1139,1139,141,141,11,11,15,12.818181818181818,12.818181818181818,0,0.4230769230769231,1
C-001212,242,242,30,30,7,7,0,4.285714285714286,4.285714285714286,0,1.0,1
C-001215,294,294,28,28,19,19,7,1.4736842105263157,1.4736842105263157,0,0.7307692307692307,1
C-001217,392,392,48,48,11,11,3,4.363636363636363,4.363636363636363,0,0.7857142857142857,1
C-001219,241,241,36,36,5,5,1,7.2,7.2,0,0.8333333333333334,0
C-001220,283,283,29,29,10,10,8,2.9,2.9,0,0.5555555555555556,1
C-001221,731,731,91,91,13,13,7,7.0,7.0,0,0.65,1
C-001224,791,791,80,80,17,17,3,4.705882352941177,4.705882352941177,0,0.85,1
C-001227,213,213,22,22,9,9,1,2.4444444444444446,2.4444444444444446,0,0.9,0
C-001241,344,344,49,49,13,13,9,3.769230769230769,3.769230769230769,0,0.5909090909090909,1
C-001260,16,16,1,1,1,1,1,1.0,1.0,0,0.5,0
C-001266,191,191,23,23,11,11,5,2.090909090909091,2.090909090909091,0,0.6875,0
C-001269,24,24,1,1,1,1,2,1.0,1.0,0,0.3333333333333333,0
C-001270,954,954,109,109,35,35,13,3.1142857142857143,3.1142857142857143,0,0.7291666666666666,1
C-001272,265,265,25,25,12,12,8,2.083333333333333,2.083333333333333,0,0.6,0
C-001277,271,271,35,35,19,19,5,1.8421052631578947,1.8421052631578947,0,0.7916666666666666,0
C-001278,240,240,25,25,15,15,5,1.6666666666666667,1.6666666666666667,0,0.75,0
C-001281,45,45,8,8,4,4,1,2.0,2.0,0,0.8,0
C-001292,604,604,68,68,24,24,12,2.833333333333333,2.833333333333333,0,0.6666666666666666,1
C-001295,124,124,26,26,10,10,4,2.6,2.6,0,0.7142857142857143,0
C-001298,1604,1584,202,197,71,69,7,2.8450704225352115,2.855072463768116,2,0.8846153846153846,1
C-001301,812,812,67,67,35,35,17,1.9142857142857144,1.9142857142857144,0,0.6730769230769231,1
C-001312,623,623,90,90,7,7,3,12.857142857142858,12.857142857142858,0,0.7,1
C-001314,28,28,3,3,2,2,2,1.5,1.5,0,0.5,0
C-001315,146,146,32,32,5,5,2,6.4,6.4,0,0.7142857142857143,0
C-001317,229,229,31,31,4,4,8,7.75,7.75,0,0.3333333333333333,1
C-001318,875,875,104,104,9,9,11,11.555555555555555,11.555555555555555,0,0.45,1
C-001319,1044,1044,128,128,15,15,19,8.533333333333333,8.533333333333333,0,0.4411764705882353,1
C-001321,456,456,47,47,7,7,12,6.714285714285714,6.714285714285714,0,0.3684210526315789,1
C-001323,260,260,47,47,4,4,4,11.75,11.75,0,0.5,1
C-001327,279,279,55,55,7,7,2,7.857142857142857,7.857142857142857,0,0.7777777777777778,1
C-001330,115,115,14,14,4,4,3,3.5,3.5,0,0.5714285714285714,0
C-001335,566,566,60,60,9,9,10,6.666666666666667,6.666666666666667,0,0.4736842105263157,1
C-001336,17,17,2,2,2,2,1,1.0,1.0,0,0.6666666666666666,0
C-001339,132,132,12,12,3,3,2,4.0,4.0,0,0.6,0
C-001341,369,369,62,62,7,7,2,8.857142857142858,8.857142857142858,0,0.7777777777777778,1
C-001346,201,201,7,7,4,4,2,1.75,1.75,0,0.6666666666666666,0
C-001349,397,397,71,71,8,8,4,8.875,8.875,0,0.6666666666666666,1
C-001350,203,203,25,25,10,10,2,2.5,2.5,0,0.8333333333333334,0
C-001352,1014,1014,161,161,26,26,2,6.1923076923076925,6.1923076923076925,0,0.9285714285714286,1
C-001353,88,88,12,12,4,4,2,3.0,3.0,0,0.6666666666666666,0
C-001354,69,69,2,2,2,2,2,1.0,1.0,0,0.5,0
C-001355,35,35,6,6,2,2,2,3.0,3.0,0,0.5,0
C-001356,296,296,36,36,8,8,2,4.5,4.5,0,0.8,1
C-001357,278,278,29,29,8,8,2,3.625,3.625,0,0.8,1
C-001358,463,463,103,103,8,8,6,12.875,12.875,0,0.5714285714285714,1
C-001359,245,245,56,56,6,6,2,9.333333333333334,9.333333333333334,0,0.75,1
C-001360,564,564,119,119,9,9,3,13.22222222222222,13.22222222222222,0,0.75,1
C-001362,592,592,78,78,11,11,2,7.090909090909091,7.090909090909091,0,0.8461538461538461,1
C-001363,470,470,66,66,21,21,3,3.142857142857143,3.142857142857143,0,0.875,1
C-001364,329,329,80,80,10,10,1,8.0,8.0,0,0.9090909090909092,1
C-001365,983,983,48,48,27,27,1,1.7777777777777777,1.7777777777777777,0,0.9642857142857144,1
C-001366,225,225,8,8,3,3,0,2.6666666666666665,2.6666666666666665,0,1.0,1
C-001371,514,514,64,64,19,19,7,3.3684210526315788,3.3684210526315788,0,0.7307692307692307,1
C-001372,184,184,28,28,6,6,2,4.666666666666667,4.666666666666667,0,0.75,0
C-001373,354,354,59,59,6,6,3,9.833333333333334,9.833333333333334,0,0.6666666666666666,1
C-001374,489,489,78,78,9,9,4,8.666666666666666,8.666666666666666,0,0.6923076923076923,1
C-001376,433,433,92,92,10,10,3,9.2,9.2,0,0.7692307692307693,1
C-001380,230,230,43,43,13,13,5,3.3076923076923075,3.3076923076923075,0,0.7222222222222222,0
